SnapshotDate,AreaName,AreaCode,AreaLevel,IsLocalArea,MenCount,WomenCount,PeopleCount,MenRatePct,WomenRatePct,PeopleRatePct,MenYoYChange,WomenYoYChange,PeopleYoYChange,MenRateYoYChange
2026-03-01,United Kingdom,K02000001,National aggregate,False,969905.0,752930.0,1722830.0,4.5,3.4,4.0,135.0,-19720.0,-19585.0,0.0
2026-03-01,Great Britain,K03000001,National aggregate,False,950725.0,736910.0,1687635.0,4.6,3.4,4.0,1890.0,-18165.0,-16275.0,0.0
2026-03-01,England,E92000001,Country,False,846285.0,664445.0,1510730.0,4.7,3.6,4.1,-720.0,-17970.0,-18685.0,0.0
2026-03-01,North East,E12000001,Region,False,38220.0,26090.0,64310.0,4.5,3.0,3.8,-965.0,-1180.0,-2145.0,-0.1
2026-03-01,County Durham,E06000047,Local authority,True,6105.0,4335.0,10440.0,3.8,2.5,3.1,-155.0,-175.0,-330.0,-0.1
2026-03-01,Darlington,E06000005,Local authority,True,1470.0,1050.0,2520.0,4.3,3.0,3.7,-80.0,-20.0,-100.0,-0.2
2026-03-01,Hartlepool,E06000001,Local authority,True,1660.0,1130.0,2790.0,5.7,3.7,4.6,5.0,25.0,35.0,0.0
2026-03-01,Middlesbrough,E06000002,Local authority,True,3085.0,2025.0,5105.0,6.2,4.2,5.2,-65.0,-110.0,-180.0,-0.1
2026-03-01,Northumberland,E06000057,Local authority,True,3380.0,2380.0,5760.0,3.6,2.5,3.0,-90.0,-85.0,-170.0,-0.1
2026-03-01,Redcar and Cleveland,E06000003,Local authority,True,1880.0,1245.0,3125.0,4.7,3.0,3.8,20.0,-50.0,-35.0,0.0
2026-03-01,Stockton-on-Tees,E06000004,Local authority,True,2985.0,1875.0,4860.0,4.7,3.0,3.8,30.0,-110.0,-80.0,0.0
2026-03-01,Tyne and Wear,E11000007,County or combined area,False,17655.0,12050.0,29710.0,4.8,3.2,4.0,-630.0,-655.0,-1280.0,-0.2
2026-03-01,Gateshead,E08000037,Local authority,True,3025.0,2100.0,5125.0,4.8,3.4,4.1,-170.0,-45.0,-215.0,-0.3
2026-03-01,Newcastle upon Tyne,E08000021,Local authority,True,5285.0,3470.0,8755.0,4.9,3.2,4.0,-110.0,-240.0,-345.0,-0.1
2026-03-01,North Tyneside,E08000022,Local authority,True,2680.0,1780.0,4460.0,4.1,2.6,3.4,80.0,-65.0,15.0,0.1
2026-03-01,South Tyneside,E08000023,Local authority,True,2610.0,1940.0,4550.0,5.8,4.2,5.0,-50.0,-50.0,-105.0,-0.1
2026-03-01,Sunderland,E08000024,Local authority,True,4055.0,2765.0,6820.0,4.6,3.0,3.8,-380.0,-255.0,-635.0,-0.4
2026-03-01,North West,E12000002,Region,False,119820.0,83925.0,203745.0,5.0,3.4,4.2,-230.0,-3465.0,-3690.0,0.0
2026-03-01,Blackburn with Darwen,E06000008,Local authority,True,3160.0,2380.0,5540.0,6.1,4.7,5.4,-135.0,-235.0,-375.0,-0.3
2026-03-01,Blackpool,E06000009,Local authority,True,3455.0,2110.0,5565.0,7.8,4.8,6.3,130.0,-175.0,-45.0,0.3
2026-03-01,Cheshire East,E06000049,Local authority,True,3405.0,2680.0,6085.0,2.7,2.1,2.4,95.0,185.0,275.0,0.1
2026-03-01,Cheshire West and Chester,E06000050,Local authority,True,3565.0,2515.0,6080.0,3.2,2.2,2.7,185.0,-25.0,160.0,0.2
2026-03-01,Cumberland ,E06000063,Local authority,True,2405.0,1860.0,4265.0,2.9,2.2,2.6,85.0,-40.0,45.0,0.1
2026-03-01,Halton,E06000006,Local authority,True,2100.0,1490.0,3590.0,5.2,3.6,4.4,75.0,-70.0,5.0,0.2
2026-03-01,Warrington,E06000007,Local authority,True,2160.0,1430.0,3590.0,3.2,2.1,2.7,60.0,0.0,60.0,0.1
2026-03-01,Westmorland and Furness,E06000064,Local authority,True,1435.0,1105.0,2535.0,2.1,1.6,1.9,-55.0,-85.0,-145.0,-0.1
2026-03-01,Greater Manchester,E11000001,County or combined area,False,55610.0,39840.0,95450.0,5.8,4.1,4.9,-470.0,-1615.0,-2085.0,0.0
2026-03-01,Bolton,E08000001,Local authority,True,5790.0,4310.0,10100.0,6.1,4.5,5.3,-185.0,-425.0,-610.0,-0.2
2026-03-01,Bury,E08000002,Local authority,True,3195.0,2195.0,5390.0,5.2,3.6,4.4,40.0,-90.0,-50.0,0.1
2026-03-01,Manchester,E08000003,Local authority,True,15000.0,10365.0,25365.0,7.2,5.0,6.1,-355.0,-610.0,-965.0,-0.2
2026-03-01,Oldham,E08000004,Local authority,True,5810.0,4495.0,10305.0,7.6,5.7,6.6,-190.0,-420.0,-610.0,-0.2
2026-03-01,Rochdale,E08000005,Local authority,True,4895.0,3885.0,8780.0,6.8,5.3,6.0,-150.0,-135.0,-285.0,-0.2
2026-03-01,Salford,E08000006,Local authority,True,6045.0,4055.0,10100.0,6.0,4.1,5.0,240.0,80.0,320.0,0.2
2026-03-01,Stockport,E08000007,Local authority,True,3370.0,2360.0,5730.0,3.7,2.5,3.1,180.0,45.0,225.0,0.2
2026-03-01,Tameside,E08000008,Local authority,True,4295.0,3025.0,7320.0,5.8,4.0,4.9,15.0,-190.0,-175.0,0.0
2026-03-01,Trafford,E08000009,Local authority,True,2540.0,1925.0,4465.0,3.5,2.5,3.0,-110.0,-10.0,-120.0,-0.1
2026-03-01,Wigan,E08000010,Local authority,True,4675.0,3225.0,7900.0,4.4,3.0,3.7,45.0,145.0,190.0,0.0
2026-03-01,Lancashire,E10000017,County or combined area,False,17100.0,12240.0,29340.0,4.3,3.1,3.7,220.0,-525.0,-305.0,0.1
2026-03-01,Burnley,E07000117,Local authority,True,2120.0,1430.0,3550.0,6.9,4.7,5.8,25.0,-170.0,-150.0,0.1
2026-03-01,Chorley,E07000118,Local authority,True,1040.0,765.0,1810.0,2.8,2.1,2.4,25.0,-35.0,-10.0,0.1
2026-03-01,Fylde,E07000119,Local authority,True,790.0,580.0,1370.0,3.3,2.4,2.8,15.0,5.0,20.0,0.1
2026-03-01,Hyndburn,E07000120,Local authority,True,1770.0,1180.0,2950.0,6.6,4.5,5.5,-15.0,-35.0,-50.0,-0.1
2026-03-01,Lancaster,E07000121,Local authority,True,1620.0,1140.0,2760.0,3.6,2.5,3.0,-25.0,-25.0,-50.0,-0.1
2026-03-01,Pendle,E07000122,Local authority,True,2030.0,1540.0,3565.0,6.7,5.1,5.9,-70.0,-170.0,-240.0,-0.2
2026-03-01,Preston,E07000123,Local authority,True,2930.0,2075.0,5010.0,5.4,3.9,4.7,70.0,-50.0,25.0,0.1
2026-03-01,Ribble Valley,E07000124,Local authority,True,385.0,320.0,705.0,2.0,1.6,1.8,35.0,10.0,50.0,0.2
2026-03-01,Rossendale,E07000125,Local authority,True,1015.0,755.0,1765.0,4.5,3.3,3.9,45.0,35.0,75.0,0.2
2026-03-01,South Ribble,E07000126,Local authority,True,1015.0,750.0,1765.0,2.9,2.1,2.5,30.0,10.0,40.0,0.1
2026-03-01,West Lancashire,E07000127,Local authority,True,1265.0,870.0,2135.0,3.5,2.3,2.9,50.0,-55.0,-10.0,0.1
2026-03-01,Wyre,E07000128,Local authority,True,1120.0,840.0,1960.0,3.4,2.5,2.9,35.0,-45.0,-15.0,0.1
2026-03-01,Merseyside,E11000002,County or combined area,False,25420.0,16275.0,41695.0,5.6,3.4,4.5,-415.0,-870.0,-1285.0,-0.1
2026-03-01,Knowsley,E08000011,Local authority,True,2520.0,1895.0,4415.0,5.2,3.5,4.3,-125.0,-200.0,-325.0,-0.3
2026-03-01,Liverpool,E08000012,Local authority,True,12260.0,7145.0,19405.0,7.3,4.1,5.6,-90.0,-460.0,-550.0,-0.1
2026-03-01,Sefton,E08000014,Local authority,True,3850.0,2630.0,6480.0,4.6,3.1,3.8,-20.0,-95.0,-115.0,0.0
2026-03-01,St. Helens,E08000013,Local authority,True,2615.0,1810.0,4425.0,4.5,3.1,3.8,-130.0,-35.0,-165.0,-0.2
2026-03-01,Wirral,E08000015,Local authority,True,4175.0,2800.0,6975.0,4.4,2.8,3.6,-45.0,-85.0,-135.0,0.0
2026-03-01,Yorkshire and The Humber,E12000003,Region,False,85185.0,62745.0,147930.0,4.9,3.5,4.2,-2095.0,-2920.0,-5015.0,-0.1
2026-03-01,East Riding of Yorkshire,E06000011,Local authority,True,2735.0,2295.0,5025.0,2.7,2.2,2.5,15.0,-90.0,-75.0,0.0
2026-03-01,"Kingston upon Hull, City of",E06000010,Local authority,True,5750.0,3870.0,9620.0,6.4,4.4,5.4,-595.0,-530.0,-1125.0,-0.7
2026-03-01,North East Lincolnshire,E06000012,Local authority,True,2350.0,1820.0,4170.0,5.0,3.8,4.4,50.0,75.0,125.0,0.1
2026-03-01,North Lincolnshire,E06000013,Local authority,True,2075.0,1605.0,3680.0,4.1,3.1,3.6,20.0,10.0,30.0,0.0
2026-03-01,North Yorkshire,E06000065,Local authority,True,4395.0,3550.0,7945.0,2.4,1.9,2.1,55.0,-40.0,15.0,0.0
2026-03-01,York,E06000014,Local authority,True,1490.0,1155.0,2640.0,2.3,1.6,1.9,65.0,-65.0,0.0,0.1
2026-03-01,South Yorkshire,E11000003,County or combined area,False,21975.0,15105.0,37085.0,4.9,3.3,4.1,-1125.0,-750.0,-1880.0,-0.3
2026-03-01,Barnsley,E08000016,Local authority,True,3005.0,2230.0,5235.0,3.9,2.8,3.4,-60.0,0.0,-60.0,-0.1
2026-03-01,Doncaster,E08000017,Local authority,True,4995.0,3620.0,8615.0,5.1,3.7,4.4,-165.0,60.0,-110.0,-0.2
2026-03-01,Rotherham,E08000018,Local authority,True,3850.0,2635.0,6485.0,4.6,3.1,3.8,-450.0,-265.0,-720.0,-0.5
2026-03-01,Sheffield,E08000019,Local authority,True,10130.0,6620.0,16750.0,5.3,3.5,4.4,-445.0,-545.0,-990.0,-0.2
2026-03-01,West Yorkshire,E11000006,County or combined area,False,44415.0,33350.0,77765.0,5.8,4.3,5.0,-575.0,-1525.0,-2100.0,-0.1
2026-03-01,Bradford,E08000032,Local authority,True,13780.0,10575.0,24350.0,8.0,5.9,7.0,-920.0,-1140.0,-2060.0,-0.5
2026-03-01,Calderdale,E08000033,Local authority,True,3230.0,2300.0,5530.0,5.0,3.5,4.3,-170.0,-40.0,-210.0,-0.3
2026-03-01,Kirklees,E08000034,Local authority,True,7320.0,5790.0,13110.0,5.3,4.1,4.7,-220.0,-345.0,-565.0,-0.2
2026-03-01,Leeds,E08000035,Local authority,True,15060.0,10910.0,25975.0,5.5,3.8,4.7,380.0,-185.0,195.0,0.1
2026-03-01,Wakefield,E08000036,Local authority,True,5025.0,3775.0,8805.0,4.4,3.3,3.8,355.0,185.0,535.0,0.3
2026-03-01,East Midlands,E12000004,Region,False,63150.0,49165.0,112315.0,4.0,3.1,3.6,-275.0,-1085.0,-1360.0,0.0
2026-03-01,Derby,E06000015,Local authority,True,5285.0,3650.0,8935.0,6.0,4.2,5.1,20.0,-260.0,-240.0,0.0
2026-03-01,Leicester,E06000016,Local authority,True,8010.0,6405.0,14420.0,6.1,4.9,5.5,-560.0,-625.0,-1185.0,-0.4
2026-03-01,North Northamptonshire,E06000061,Local authority,True,4330.0,3680.0,8010.0,3.8,3.1,3.5,90.0,75.0,165.0,0.1
2026-03-01,Nottingham,E06000018,Local authority,True,8515.0,5590.0,14105.0,7.6,4.7,6.1,20.0,-115.0,-95.0,0.0
2026-03-01,Rutland,E06000017,Local authority,True,240.0,205.0,440.0,1.9,1.8,1.8,15.0,-15.0,-5.0,0.1
2026-03-01,West Northamptonshire,E06000062,Local authority,True,5265.0,4355.0,9620.0,3.8,3.1,3.5,-65.0,-30.0,-95.0,0.0
2026-03-01,Derbyshire,E10000007,County or combined area,False,7655.0,6005.0,13665.0,3.1,2.4,2.7,-110.0,-300.0,-410.0,0.0
2026-03-01,Amber Valley,E07000032,Local authority,True,1165.0,945.0,2110.0,3.0,2.4,2.7,0.0,25.0,30.0,0.0
2026-03-01,Bolsover,E07000033,Local authority,True,885.0,675.0,1565.0,3.4,2.6,3.0,-5.0,-40.0,-45.0,0.0
2026-03-01,Chesterfield,E07000034,Local authority,True,1265.0,920.0,2185.0,3.9,2.8,3.4,-95.0,-55.0,-150.0,-0.3
2026-03-01,Derbyshire Dales,E07000035,Local authority,True,425.0,390.0,810.0,2.1,1.9,2.0,20.0,-45.0,-20.0,0.1
2026-03-01,Erewash,E07000036,Local authority,True,1385.0,990.0,2380.0,3.9,2.8,3.4,-50.0,-55.0,-105.0,-0.1
2026-03-01,High Peak,E07000037,Local authority,True,770.0,585.0,1355.0,2.8,2.1,2.4,-20.0,-45.0,-65.0,-0.1
2026-03-01,North East Derbyshire,E07000038,Local authority,True,840.0,640.0,1480.0,2.7,2.0,2.4,-10.0,-75.0,-85.0,0.0
2026-03-01,South Derbyshire,E07000039,Local authority,True,920.0,855.0,1780.0,2.6,2.3,2.4,45.0,-10.0,35.0,0.1
2026-03-01,Leicestershire,E10000018,County or combined area,False,5745.0,4960.0,10705.0,2.5,2.2,2.3,-260.0,-80.0,-340.0,-0.1
2026-03-01,Blaby,E07000129,Local authority,True,790.0,695.0,1485.0,2.4,2.1,2.2,5.0,30.0,35.0,0.0
2026-03-01,Charnwood,E07000130,Local authority,True,1615.0,1290.0,2905.0,2.7,2.2,2.4,-100.0,-30.0,-130.0,-0.2
2026-03-01,Harborough,E07000131,Local authority,True,560.0,555.0,1115.0,1.8,1.7,1.8,-45.0,25.0,-20.0,-0.1
2026-03-01,Hinckley and Bosworth,E07000132,Local authority,True,955.0,800.0,1750.0,2.7,2.3,2.5,25.0,-20.0,5.0,0.1
2026-03-01,Melton,E07000133,Local authority,True,455.0,440.0,895.0,2.9,2.7,2.8,-100.0,-60.0,-160.0,-0.6
2026-03-01,North West Leicestershire,E07000134,Local authority,True,725.0,695.0,1420.0,2.1,2.0,2.0,-50.0,10.0,-40.0,-0.1
2026-03-01,Oadby and Wigston,E07000135,Local authority,True,645.0,490.0,1135.0,3.5,2.6,3.0,0.0,-25.0,-30.0,0.0
2026-03-01,Lincolnshire,E10000019,County or combined area,False,8695.0,7075.0,15770.0,3.8,3.0,3.4,450.0,95.0,545.0,0.2
2026-03-01,Boston,E07000136,Local authority,True,1070.0,1010.0,2080.0,5.1,4.8,4.9,60.0,30.0,90.0,0.3
2026-03-01,East Lindsey,E07000137,Local authority,True,1720.0,1345.0,3065.0,4.5,3.3,3.9,105.0,90.0,195.0,0.3
2026-03-01,Lincoln,E07000138,Local authority,True,1745.0,1125.0,2870.0,4.9,3.1,4.0,100.0,-15.0,85.0,0.3
2026-03-01,North Kesteven,E07000139,Local authority,True,820.0,750.0,1570.0,2.3,2.0,2.2,20.0,5.0,25.0,0.1
2026-03-01,South Holland,E07000140,Local authority,True,990.0,860.0,1855.0,3.5,2.9,3.2,45.0,-35.0,10.0,0.1
2026-03-01,South Kesteven,E07000141,Local authority,True,1390.0,1175.0,2560.0,3.3,2.6,3.0,115.0,-55.0,65.0,0.3
2026-03-01,West Lindsey,E07000142,Local authority,True,960.0,805.0,1765.0,3.4,2.7,3.1,5.0,75.0,80.0,0.0
2026-03-01,Nottinghamshire,E10000024,County or combined area,False,9400.0,7245.0,16645.0,3.7,2.8,3.2,125.0,175.0,300.0,0.0
2026-03-01,Ashfield,E07000170,Local authority,True,1775.0,1325.0,3100.0,4.5,3.3,3.9,25.0,-35.0,-10.0,0.1
2026-03-01,Bassetlaw,E07000171,Local authority,True,1420.0,1090.0,2505.0,3.8,2.9,3.3,125.0,35.0,160.0,0.3
2026-03-01,Broxtowe,E07000172,Local authority,True,1175.0,865.0,2040.0,3.4,2.4,2.9,-15.0,-5.0,-20.0,0.0
2026-03-01,Gedling,E07000173,Local authority,True,1310.0,1060.0,2375.0,3.7,2.8,3.3,-55.0,65.0,10.0,-0.2
2026-03-01,Mansfield,E07000174,Local authority,True,1595.0,1210.0,2805.0,4.6,3.5,4.0,-25.0,15.0,-10.0,-0.1
2026-03-01,Newark and Sherwood,E07000175,Local authority,True,1270.0,990.0,2255.0,3.3,2.6,2.9,70.0,60.0,130.0,0.2
2026-03-01,Rushcliffe,E07000176,Local authority,True,855.0,705.0,1560.0,2.3,1.8,2.1,5.0,35.0,40.0,0.0
2026-03-01,West Midlands,E12000005,Region,False,116435.0,87735.0,204170.0,6.1,4.6,5.3,-1400.0,-2775.0,-4175.0,-0.1
2026-03-01,"Herefordshire, County of",E06000019,Local authority,True,1580.0,1375.0,2960.0,2.9,2.5,2.7,-80.0,-100.0,-180.0,-0.1
2026-03-01,Shropshire,E06000051,Local authority,True,2565.0,2235.0,4800.0,2.7,2.3,2.5,15.0,-30.0,-15.0,0.0
2026-03-01,Stoke-on-Trent,E06000021,Local authority,True,5355.0,3905.0,9260.0,6.2,4.7,5.5,-290.0,-365.0,-650.0,-0.3
2026-03-01,Telford and Wrekin,E06000020,Local authority,True,2610.0,2155.0,4765.0,4.4,3.5,3.9,120.0,70.0,185.0,0.2
2026-03-01,Staffordshire,E10000028,County or combined area,False,8555.0,6950.0,15505.0,3.1,2.5,2.8,-20.0,-155.0,-175.0,0.0
2026-03-01,Cannock Chase,E07000192,Local authority,True,1130.0,925.0,2055.0,3.5,2.8,3.2,-10.0,-10.0,-15.0,0.0
2026-03-01,East Staffordshire,E07000193,Local authority,True,1445.0,1235.0,2680.0,3.6,3.1,3.4,-135.0,-80.0,-215.0,-0.3
2026-03-01,Lichfield,E07000194,Local authority,True,840.0,715.0,1550.0,2.5,2.2,2.3,20.0,-25.0,-5.0,0.1
2026-03-01,Newcastle-under-Lyme,E07000195,Local authority,True,1400.0,995.0,2395.0,3.6,2.5,3.0,-35.0,-45.0,-80.0,-0.1
2026-03-01,South Staffordshire,E07000196,Local authority,True,970.0,770.0,1740.0,2.8,2.4,2.6,70.0,-40.0,30.0,0.2
2026-03-01,Stafford,E07000197,Local authority,True,1235.0,965.0,2195.0,2.9,2.3,2.6,140.0,70.0,210.0,0.3
2026-03-01,Staffordshire Moorlands,E07000198,Local authority,True,640.0,575.0,1215.0,2.3,2.0,2.2,-65.0,-60.0,-125.0,-0.2
2026-03-01,Tamworth,E07000199,Local authority,True,895.0,780.0,1675.0,3.6,3.1,3.3,-5.0,30.0,25.0,0.0
2026-03-01,Warwickshire,E10000031,County or combined area,False,6245.0,5085.0,11330.0,3.2,2.6,2.9,265.0,270.0,535.0,0.1
2026-03-01,North Warwickshire,E07000218,Local authority,True,640.0,510.0,1150.0,3.2,2.5,2.8,40.0,5.0,45.0,0.2
2026-03-01,Nuneaton and Bedworth,E07000219,Local authority,True,2055.0,1560.0,3615.0,4.8,3.5,4.2,70.0,20.0,90.0,0.2
2026-03-01,Rugby,E07000220,Local authority,True,1215.0,1015.0,2235.0,3.2,2.7,2.9,25.0,120.0,145.0,0.1
2026-03-01,Stratford-on-Avon,E07000221,Local authority,True,995.0,960.0,1960.0,2.4,2.2,2.3,120.0,125.0,240.0,0.3
2026-03-01,Warwick,E07000222,Local authority,True,1335.0,1040.0,2375.0,2.7,2.1,2.4,10.0,5.0,15.0,0.0
2026-03-01,West Midlands (Metropolitan County),E11000005,County or combined area,False,83095.0,61020.0,144120.0,8.7,6.3,7.5,-1500.0,-2220.0,-3720.0,-0.2
2026-03-01,Birmingham,E08000025,Local authority,True,46430.0,31285.0,77715.0,12.1,8.1,10.1,-675.0,-1545.0,-2220.0,-0.2
2026-03-01,Coventry,E08000026,Local authority,True,8170.0,5865.0,14035.0,6.6,4.9,5.8,165.0,105.0,270.0,0.1
2026-03-01,Dudley,E08000027,Local authority,True,5380.0,4295.0,9675.0,5.4,4.2,4.8,-155.0,-90.0,-250.0,-0.2
2026-03-01,Sandwell,E08000028,Local authority,True,8045.0,7110.0,15155.0,7.2,6.3,6.8,-450.0,-260.0,-710.0,-0.4
2026-03-01,Solihull,E08000029,Local authority,True,2675.0,2135.0,4810.0,4.2,3.2,3.7,40.0,40.0,85.0,0.1
2026-03-01,Walsall,E08000030,Local authority,True,5730.0,4970.0,10700.0,6.4,5.4,5.9,-95.0,-185.0,-285.0,-0.1
2026-03-01,Wolverhampton,E08000031,Local authority,True,6665.0,5360.0,12025.0,7.6,6.1,6.9,-330.0,-285.0,-610.0,-0.4
2026-03-01,Worcestershire,E10000034,County or combined area,False,6430.0,5005.0,11435.0,3.5,2.7,3.1,85.0,-240.0,-155.0,0.0
2026-03-01,Bromsgrove,E07000234,Local authority,True,940.0,640.0,1580.0,3.2,2.1,2.6,35.0,-25.0,10.0,0.1
2026-03-01,Malvern Hills,E07000235,Local authority,True,625.0,530.0,1155.0,2.7,2.2,2.5,20.0,0.0,20.0,0.1
2026-03-01,Redditch,E07000236,Local authority,True,1215.0,910.0,2130.0,4.5,3.3,3.9,0.0,-45.0,-45.0,0.0
2026-03-01,Worcester,E07000237,Local authority,True,1465.0,970.0,2435.0,4.3,2.8,3.5,40.0,-115.0,-75.0,0.1
2026-03-01,Wychavon,E07000238,Local authority,True,1125.0,1035.0,2160.0,2.8,2.6,2.7,-20.0,-5.0,-25.0,-0.1
2026-03-01,Wyre Forest,E07000239,Local authority,True,1065.0,915.0,1980.0,3.6,3.0,3.3,15.0,-55.0,-40.0,0.1
2026-03-01,East,E12000006,Region,False,73530.0,60815.0,134340.0,3.7,3.0,3.3,1375.0,-460.0,915.0,0.1
2026-03-01,Bedford,E06000055,Local authority,True,2955.0,2505.0,5460.0,4.9,4.1,4.5,-5.0,-35.0,-40.0,0.0
2026-03-01,Central Bedfordshire,E06000056,Local authority,True,2750.0,2435.0,5185.0,2.9,2.4,2.6,205.0,-45.0,160.0,0.2
2026-03-01,Luton,E06000032,Local authority,True,5700.0,4690.0,10390.0,7.0,6.2,6.6,-465.0,-215.0,-680.0,-0.6
2026-03-01,Peterborough,E06000031,Local authority,True,4310.0,3450.0,7760.0,6.2,4.9,5.5,-50.0,-220.0,-270.0,-0.1
2026-03-01,Southend-on-Sea,E06000033,Local authority,True,2950.0,2105.0,5055.0,5.2,3.6,4.4,0.0,-65.0,-70.0,0.0
2026-03-01,Thurrock,E06000034,Local authority,True,2690.0,2410.0,5095.0,4.8,4.1,4.4,5.0,-70.0,-65.0,0.0
2026-03-01,Cambridgeshire,E10000003,County or combined area,False,5835.0,4925.0,10760.0,2.6,2.2,2.4,130.0,-5.0,125.0,0.1
2026-03-01,Cambridge,E07000008,Local authority,True,1265.0,1060.0,2325.0,2.3,1.9,2.1,-70.0,15.0,-55.0,-0.1
2026-03-01,East Cambridgeshire,E07000009,Local authority,True,650.0,565.0,1220.0,2.3,2.0,2.2,30.0,-10.0,20.0,0.1
2026-03-01,Fenland,E07000010,Local authority,True,1305.0,1125.0,2430.0,4.3,3.6,3.9,25.0,10.0,35.0,0.1
2026-03-01,Huntingdonshire,E07000011,Local authority,True,1535.0,1215.0,2745.0,2.6,2.1,2.4,115.0,0.0,115.0,0.2
2026-03-01,South Cambridgeshire,E07000012,Local authority,True,1085.0,960.0,2040.0,2.1,1.8,2.0,35.0,-25.0,10.0,0.1
2026-03-01,Essex,E10000012,County or combined area,False,16220.0,13435.0,29655.0,3.5,2.8,3.1,225.0,-160.0,65.0,0.0
2026-03-01,Basildon,E07000066,Local authority,True,2520.0,2160.0,4680.0,4.3,3.5,3.9,-40.0,-25.0,-65.0,-0.1
2026-03-01,Braintree,E07000067,Local authority,True,1505.0,1215.0,2720.0,3.1,2.4,2.7,75.0,-10.0,65.0,0.2
2026-03-01,Brentwood,E07000068,Local authority,True,670.0,610.0,1280.0,2.8,2.5,2.6,15.0,15.0,30.0,0.1
2026-03-01,Castle Point,E07000069,Local authority,True,710.0,580.0,1290.0,2.8,2.2,2.5,0.0,-35.0,-35.0,0.0
2026-03-01,Chelmsford,E07000070,Local authority,True,1805.0,1465.0,3270.0,3.1,2.5,2.8,95.0,20.0,115.0,0.2
2026-03-01,Colchester,E07000071,Local authority,True,2255.0,1730.0,3980.0,3.6,2.7,3.2,-15.0,-45.0,-55.0,0.0
2026-03-01,Epping Forest,E07000072,Local authority,True,1320.0,1225.0,2545.0,3.2,2.8,3.0,65.0,-25.0,40.0,0.2
2026-03-01,Harlow,E07000073,Local authority,True,1575.0,1285.0,2860.0,5.2,4.0,4.6,75.0,-15.0,65.0,0.3
2026-03-01,Maldon,E07000074,Local authority,True,550.0,445.0,990.0,2.8,2.2,2.5,0.0,-60.0,-60.0,0.0
2026-03-01,Rochford,E07000075,Local authority,True,655.0,570.0,1225.0,2.5,2.1,2.3,-5.0,35.0,30.0,0.0
2026-03-01,Tendring,E07000076,Local authority,True,2105.0,1565.0,3670.0,5.1,3.5,4.3,-30.0,-40.0,-65.0,-0.1
2026-03-01,Uttlesford,E07000077,Local authority,True,560.0,580.0,1140.0,2.0,2.0,2.0,-15.0,15.0,0.0,-0.1
2026-03-01,Hertfordshire,E10000015,County or combined area,False,12630.0,10650.0,23280.0,3.3,2.7,3.0,140.0,-110.0,30.0,0.0
2026-03-01,Broxbourne,E07000095,Local authority,True,1120.0,1045.0,2165.0,3.6,3.2,3.4,5.0,35.0,40.0,0.0
2026-03-01,Dacorum,E07000096,Local authority,True,1775.0,1465.0,3240.0,3.6,2.9,3.2,10.0,-75.0,-60.0,0.0
2026-03-01,East Hertfordshire,E07000242,Local authority,True,1030.0,935.0,1965.0,2.2,1.9,2.0,65.0,20.0,80.0,0.1
2026-03-01,Hertsmere,E07000098,Local authority,True,1325.0,1040.0,2365.0,4.1,2.9,3.5,35.0,-65.0,-30.0,0.1
2026-03-01,North Hertfordshire,E07000099,Local authority,True,1085.0,920.0,2005.0,2.7,2.1,2.4,35.0,-15.0,20.0,0.1
2026-03-01,St Albans,E07000240,Local authority,True,1220.0,1015.0,2235.0,2.7,2.1,2.4,30.0,5.0,35.0,0.1
2026-03-01,Stevenage,E07000243,Local authority,True,1190.0,900.0,2090.0,4.1,3.0,3.6,-15.0,5.0,-10.0,0.0
2026-03-01,Three Rivers,E07000102,Local authority,True,860.0,720.0,1580.0,3.0,2.4,2.7,-20.0,-70.0,-90.0,-0.1
2026-03-01,Watford,E07000103,Local authority,True,1705.0,1520.0,3225.0,4.9,4.3,4.6,20.0,40.0,55.0,0.1
2026-03-01,Welwyn Hatfield,E07000241,Local authority,True,1320.0,1095.0,2415.0,3.3,2.7,3.0,-20.0,5.0,-15.0,-0.1
2026-03-01,Norfolk,E10000020,County or combined area,False,9915.0,7880.0,17795.0,3.6,2.8,3.2,755.0,190.0,940.0,0.3
2026-03-01,Breckland,E07000143,Local authority,True,1245.0,1020.0,2265.0,2.9,2.4,2.7,135.0,50.0,185.0,0.3
2026-03-01,Broadland,E07000144,Local authority,True,930.0,825.0,1755.0,2.4,2.0,2.2,80.0,25.0,105.0,0.2
2026-03-01,Great Yarmouth,E07000145,Local authority,True,1775.0,1290.0,3060.0,6.2,4.3,5.2,95.0,-10.0,90.0,0.3
2026-03-01,King's Lynn and West Norfolk,E07000146,Local authority,True,1465.0,1280.0,2745.0,3.3,2.8,3.1,100.0,10.0,110.0,0.2
2026-03-01,North Norfolk,E07000147,Local authority,True,850.0,700.0,1555.0,3.2,2.6,2.9,45.0,-50.0,-5.0,0.2
2026-03-01,Norwich,E07000148,Local authority,True,2585.0,1775.0,4360.0,5.0,3.5,4.3,175.0,90.0,260.0,0.3
2026-03-01,South Norfolk,E07000149,Local authority,True,1070.0,990.0,2060.0,2.6,2.2,2.4,125.0,70.0,195.0,0.3
2026-03-01,Suffolk,E10000029,County or combined area,False,7575.0,6335.0,13910.0,3.3,2.7,3.0,435.0,280.0,715.0,0.2
2026-03-01,Babergh,E07000200,Local authority,True,740.0,665.0,1410.0,2.7,2.4,2.5,25.0,5.0,30.0,0.1
2026-03-01,East Suffolk,E07000244,Local authority,True,2340.0,1885.0,4225.0,3.4,2.7,3.0,135.0,140.0,280.0,0.2
2026-03-01,Ipswich,E07000202,Local authority,True,2265.0,1740.0,4005.0,5.2,4.0,4.6,90.0,30.0,120.0,0.2
2026-03-01,Mid Suffolk,E07000203,Local authority,True,655.0,650.0,1300.0,2.0,2.0,2.0,20.0,45.0,65.0,0.1
2026-03-01,West Suffolk,E07000245,Local authority,True,1575.0,1390.0,2965.0,2.7,2.5,2.6,155.0,60.0,215.0,0.3
2026-03-01,London,E12000007,Region,False,187205.0,163885.0,351085.0,6.2,5.1,5.6,-2055.0,-6460.0,-8510.0,-0.1
2026-03-01,Inner London,E13000001,Other,False,81490.0,71520.0,153005.0,6.5,5.3,5.9,-1245.0,-2705.0,-3950.0,-0.1
2026-03-01,Camden,E09000007,Local authority,True,3970.0,3475.0,7445.0,5.4,4.1,4.7,-180.0,-240.0,-415.0,-0.2
2026-03-01,City of London,E09000001,Local authority,True,105.0,65.0,165.0,1.4,1.1,1.3,15.0,-5.0,10.0,0.2
2026-03-01,Hackney,E09000012,Local authority,True,7190.0,6475.0,13665.0,7.8,6.3,7.0,-45.0,-280.0,-325.0,0.0
2026-03-01,Hammersmith and Fulham,E09000013,Local authority,True,3660.0,3060.0,6720.0,5.7,4.0,4.8,-15.0,5.0,-10.0,0.0
2026-03-01,Haringey,E09000014,Local authority,True,7715.0,6305.0,14020.0,8.7,6.5,7.5,-175.0,-325.0,-495.0,-0.2
2026-03-01,Islington,E09000019,Local authority,True,5010.0,4365.0,9375.0,6.3,4.8,5.5,-315.0,-345.0,-665.0,-0.4
2026-03-01,Kensington and Chelsea,E09000020,Local authority,True,1880.0,1700.0,3580.0,4.0,3.1,3.5,-120.0,-115.0,-235.0,-0.3
2026-03-01,Lambeth,E09000022,Local authority,True,8190.0,6985.0,15170.0,7.0,5.6,6.3,205.0,-130.0,75.0,0.2
2026-03-01,Lewisham,E09000023,Local authority,True,7925.0,6970.0,14895.0,7.9,6.1,6.9,-95.0,-35.0,-130.0,-0.1
2026-03-01,Newham,E09000025,Local authority,True,10525.0,10065.0,20590.0,7.6,7.6,7.6,-205.0,-650.0,-855.0,-0.1
2026-03-01,Southwark,E09000028,Local authority,True,7005.0,6565.0,13570.0,6.2,5.3,5.7,85.0,65.0,150.0,0.1
2026-03-01,Tower Hamlets,E09000030,Local authority,True,9485.0,7785.0,17275.0,7.4,6.1,6.7,-80.0,-170.0,-250.0,-0.1
2026-03-01,Wandsworth,E09000032,Local authority,True,5290.0,4765.0,10050.0,4.5,3.6,4.0,-160.0,-320.0,-480.0,-0.1
2026-03-01,Westminster,E09000033,Local authority,True,3545.0,2945.0,6490.0,4.7,3.6,4.1,-165.0,-160.0,-325.0,-0.2
2026-03-01,Outer London,E13000002,Other,False,105715.0,92365.0,198080.0,5.9,4.9,5.4,-810.0,-3755.0,-4565.0,0.0
2026-03-01,Barking and Dagenham,E09000002,Local authority,True,5765.0,5965.0,11730.0,7.7,7.6,7.6,100.0,-150.0,-50.0,0.1
2026-03-01,Barnet,E09000003,Local authority,True,7050.0,6200.0,13250.0,5.6,4.6,5.1,-70.0,-85.0,-160.0,-0.1
2026-03-01,Bexley,E09000004,Local authority,True,2980.0,2565.0,5550.0,3.8,3.1,3.4,35.0,-200.0,-165.0,0.0
2026-03-01,Brent,E09000005,Local authority,True,9860.0,7825.0,17690.0,8.3,6.3,7.3,-405.0,-530.0,-935.0,-0.3
2026-03-01,Bromley,E09000006,Local authority,True,3955.0,3440.0,7400.0,3.9,3.1,3.5,-15.0,-155.0,-170.0,0.0
2026-03-01,Croydon,E09000008,Local authority,True,9075.0,7985.0,17060.0,7.0,5.7,6.3,5.0,-275.0,-270.0,0.0
2026-03-01,Ealing,E09000009,Local authority,True,9575.0,7570.0,17150.0,7.3,5.7,6.5,-195.0,-310.0,-505.0,-0.1
2026-03-01,Enfield,E09000010,Local authority,True,7735.0,7260.0,14995.0,7.8,6.6,7.2,-120.0,-500.0,-615.0,-0.1
2026-03-01,Greenwich,E09000011,Local authority,True,6425.0,5575.0,12000.0,6.3,5.2,5.7,185.0,20.0,205.0,0.2
2026-03-01,Harrow,E09000015,Local authority,True,4640.0,3765.0,8405.0,5.3,4.3,4.8,100.0,-175.0,-75.0,0.1
2026-03-01,Havering,E09000016,Local authority,True,4010.0,3705.0,7715.0,4.8,4.2,4.5,145.0,-160.0,-10.0,0.2
2026-03-01,Hillingdon,E09000017,Local authority,True,6000.0,4815.0,10810.0,5.4,4.4,4.9,-25.0,-30.0,-55.0,0.0
2026-03-01,Hounslow,E09000018,Local authority,True,5505.0,4735.0,10240.0,5.4,4.7,5.0,-300.0,-315.0,-610.0,-0.3
2026-03-01,Kingston upon Thames,E09000021,Local authority,True,2065.0,1695.0,3760.0,3.8,2.8,3.3,105.0,-25.0,80.0,0.2
2026-03-01,Merton,E09000024,Local authority,True,3705.0,3200.0,6900.0,5.2,4.2,4.7,-55.0,-25.0,-75.0,-0.1
2026-03-01,Redbridge,E09000026,Local authority,True,6460.0,6175.0,12635.0,6.1,5.9,6.0,20.0,-220.0,-200.0,0.0
2026-03-01,Richmond upon Thames,E09000027,Local authority,True,1635.0,1550.0,3190.0,2.8,2.4,2.6,-35.0,-60.0,-100.0,-0.1
2026-03-01,Sutton,E09000029,Local authority,True,2455.0,2305.0,4760.0,3.7,3.3,3.5,15.0,-70.0,-55.0,0.0
2026-03-01,Waltham Forest,E09000031,Local authority,True,6815.0,6030.0,12845.0,7.2,6.1,6.6,-290.0,-505.0,-795.0,-0.3
2026-03-01,South East,E12000008,Region,False,105780.0,84810.0,190585.0,3.6,2.8,3.2,3335.0,160.0,3495.0,0.1
2026-03-01,Bracknell Forest,E06000036,Local authority,True,1255.0,1080.0,2335.0,3.0,2.5,2.8,150.0,40.0,185.0,0.4
2026-03-01,Brighton and Hove,E06000043,Local authority,True,5255.0,3755.0,9010.0,5.3,3.6,4.4,170.0,80.0,250.0,0.2
2026-03-01,Buckinghamshire,E06000060,Local authority,True,5830.0,5050.0,10880.0,3.4,2.8,3.1,-110.0,-235.0,-345.0,-0.1
2026-03-01,Isle of Wight,E06000046,Local authority,True,1930.0,1450.0,3375.0,5.0,3.6,4.3,-10.0,-55.0,-60.0,0.0
2026-03-01,Medway,E06000035,Local authority,True,4350.0,3515.0,7860.0,4.8,3.8,4.3,190.0,45.0,230.0,0.2
2026-03-01,Milton Keynes,E06000042,Local authority,True,4440.0,3820.0,8260.0,4.6,3.9,4.2,25.0,-50.0,-25.0,0.0
2026-03-01,Portsmouth,E06000044,Local authority,True,3850.0,2810.0,6660.0,5.3,4.0,4.6,-145.0,-70.0,-215.0,-0.2
2026-03-01,Reading,E06000038,Local authority,True,3200.0,2395.0,5595.0,5.0,3.8,4.4,130.0,-35.0,100.0,0.2
2026-03-01,Slough,E06000039,Local authority,True,3580.0,3150.0,6725.0,6.6,5.7,6.1,30.0,-100.0,-70.0,0.1
2026-03-01,Southampton,E06000045,Local authority,True,4410.0,3185.0,7595.0,5.0,3.6,4.3,-20.0,-120.0,-140.0,0.0
2026-03-01,West Berkshire,E06000037,Local authority,True,1380.0,1070.0,2450.0,2.8,2.1,2.4,120.0,-50.0,75.0,0.2
2026-03-01,Windsor and Maidenhead,E06000040,Local authority,True,1395.0,1200.0,2600.0,2.8,2.4,2.6,0.0,-20.0,-20.0,0.0
2026-03-01,Wokingham,E06000041,Local authority,True,1280.0,1005.0,2285.0,2.2,1.7,2.0,30.0,20.0,45.0,0.0
2026-03-01,East Sussex,E10000011,County or combined area,False,6860.0,5200.0,12060.0,4.4,3.2,3.8,275.0,85.0,360.0,0.2
2026-03-01,Eastbourne,E07000061,Local authority,True,1780.0,1260.0,3040.0,6.0,4.0,5.0,15.0,70.0,80.0,0.0
2026-03-01,Hastings,E07000062,Local authority,True,1745.0,1205.0,2950.0,6.4,4.2,5.3,35.0,25.0,60.0,0.1
2026-03-01,Lewes,E07000063,Local authority,True,1195.0,900.0,2095.0,4.2,3.0,3.6,65.0,-5.0,60.0,0.2
2026-03-01,Rother,E07000064,Local authority,True,930.0,725.0,1655.0,3.8,2.7,3.3,35.0,-40.0,-5.0,0.1
2026-03-01,Wealden,E07000065,Local authority,True,1210.0,1110.0,2320.0,2.7,2.3,2.5,130.0,35.0,165.0,0.3
2026-03-01,Hampshire,E10000014,County or combined area,False,11965.0,9975.0,21945.0,2.8,2.3,2.5,635.0,175.0,810.0,0.1
2026-03-01,Basingstoke and Deane,E07000084,Local authority,True,1865.0,1495.0,3360.0,3.1,2.4,2.8,60.0,55.0,115.0,0.1
2026-03-01,East Hampshire,E07000085,Local authority,True,860.0,745.0,1605.0,2.3,1.9,2.1,50.0,-40.0,5.0,0.1
2026-03-01,Eastleigh,E07000086,Local authority,True,1125.0,935.0,2060.0,2.6,2.1,2.4,110.0,20.0,135.0,0.3
2026-03-01,Fareham,E07000087,Local authority,True,765.0,635.0,1400.0,2.3,1.9,2.1,100.0,20.0,120.0,0.3
2026-03-01,Gosport,E07000088,Local authority,True,1050.0,840.0,1890.0,4.3,3.3,3.8,60.0,55.0,115.0,0.2
2026-03-01,Hart,E07000089,Local authority,True,635.0,515.0,1150.0,2.0,1.6,1.8,105.0,5.0,110.0,0.3
2026-03-01,Havant,E07000090,Local authority,True,1405.0,1150.0,2555.0,4.0,3.0,3.5,-85.0,-100.0,-185.0,-0.2
2026-03-01,New Forest,E07000091,Local authority,True,1300.0,1095.0,2390.0,2.8,2.2,2.5,110.0,30.0,140.0,0.2
2026-03-01,Rushmoor,E07000092,Local authority,True,1200.0,975.0,2175.0,3.4,2.8,3.1,85.0,75.0,160.0,0.2
2026-03-01,Test Valley,E07000093,Local authority,True,830.0,815.0,1645.0,2.1,2.0,2.0,0.0,55.0,55.0,0.0
2026-03-01,Winchester,E07000094,Local authority,True,935.0,780.0,1715.0,2.3,1.8,2.1,40.0,10.0,50.0,0.1
2026-03-01,Kent,E10000016,County or combined area,False,19065.0,15105.0,34170.0,4.0,3.0,3.5,505.0,50.0,555.0,0.1
2026-03-01,Ashford,E07000105,Local authority,True,1425.0,1175.0,2600.0,3.4,2.7,3.0,5.0,-75.0,-75.0,0.0
2026-03-01,Canterbury,E07000106,Local authority,True,1935.0,1415.0,3350.0,4.0,2.7,3.4,-5.0,-55.0,-55.0,0.0
2026-03-01,Dartford,E07000107,Local authority,True,1320.0,1250.0,2570.0,3.4,3.0,3.2,85.0,70.0,155.0,0.2
2026-03-01,Dover,E07000108,Local authority,True,1445.0,1060.0,2505.0,4.3,3.0,3.6,50.0,0.0,50.0,0.1
2026-03-01,Folkestone and Hythe,E07000112,Local authority,True,1450.0,1105.0,2555.0,4.6,3.3,3.9,-60.0,-50.0,-110.0,-0.2
2026-03-01,Gravesham,E07000109,Local authority,True,1645.0,1315.0,2960.0,4.9,3.8,4.3,10.0,-40.0,-30.0,0.0
2026-03-01,Maidstone,E07000110,Local authority,True,2150.0,1845.0,3995.0,3.8,3.2,3.5,180.0,165.0,345.0,0.3
2026-03-01,Sevenoaks,E07000111,Local authority,True,850.0,795.0,1650.0,2.5,2.2,2.3,55.0,5.0,60.0,0.2
2026-03-01,Swale,E07000113,Local authority,True,2110.0,1475.0,3585.0,4.4,3.0,3.7,120.0,20.0,140.0,0.2
2026-03-01,Thanet,E07000114,Local authority,True,2625.0,1880.0,4505.0,6.6,4.3,5.4,-75.0,15.0,-65.0,-0.2
2026-03-01,Tonbridge and Malling,E07000115,Local authority,True,1115.0,955.0,2070.0,2.8,2.2,2.5,135.0,-15.0,120.0,0.3
2026-03-01,Tunbridge Wells,E07000116,Local authority,True,990.0,840.0,1830.0,2.8,2.3,2.6,15.0,10.0,25.0,0.0
2026-03-01,Oxfordshire,E10000025,County or combined area,False,6050.0,4900.0,10950.0,2.5,2.0,2.3,80.0,-80.0,0.0,0.0
2026-03-01,Cherwell,E07000177,Local authority,True,1475.0,1225.0,2700.0,2.8,2.3,2.5,105.0,5.0,105.0,0.2
2026-03-01,Oxford,E07000178,Local authority,True,1880.0,1190.0,3070.0,3.2,1.9,2.6,-30.0,-120.0,-150.0,-0.1
2026-03-01,South Oxfordshire,E07000179,Local authority,True,960.0,880.0,1840.0,2.0,1.8,1.9,-30.0,15.0,-15.0,-0.1
2026-03-01,Vale of White Horse,E07000180,Local authority,True,1025.0,885.0,1910.0,2.3,2.0,2.1,-10.0,-35.0,-45.0,0.0
2026-03-01,West Oxfordshire,E07000181,Local authority,True,705.0,720.0,1425.0,2.0,2.0,2.0,45.0,55.0,105.0,0.1
2026-03-01,Surrey,E10000030,County or combined area,False,10035.0,8450.0,18480.0,2.7,2.1,2.4,530.0,260.0,790.0,0.1
2026-03-01,Elmbridge,E07000207,Local authority,True,1105.0,955.0,2055.0,2.6,2.2,2.4,25.0,-25.0,5.0,0.1
2026-03-01,Epsom and Ewell,E07000208,Local authority,True,630.0,500.0,1130.0,2.5,1.9,2.2,40.0,25.0,70.0,0.2
2026-03-01,Guildford,E07000209,Local authority,True,1170.0,835.0,2005.0,2.4,1.7,2.0,55.0,25.0,80.0,0.1
2026-03-01,Mole Valley,E07000210,Local authority,True,590.0,420.0,1010.0,2.3,1.6,2.0,25.0,-25.0,0.0,0.1
2026-03-01,Reigate and Banstead,E07000211,Local authority,True,1175.0,1040.0,2210.0,2.4,2.1,2.2,90.0,60.0,150.0,0.2
2026-03-01,Runnymede,E07000212,Local authority,True,835.0,705.0,1540.0,2.9,2.2,2.6,15.0,75.0,90.0,0.1
2026-03-01,Spelthorne,E07000213,Local authority,True,1300.0,1135.0,2435.0,3.9,3.3,3.6,100.0,50.0,155.0,0.3
2026-03-01,Surrey Heath,E07000214,Local authority,True,700.0,605.0,1300.0,2.4,2.1,2.2,10.0,-5.0,5.0,0.0
2026-03-01,Tandridge,E07000215,Local authority,True,735.0,700.0,1435.0,2.8,2.5,2.7,60.0,65.0,125.0,0.2
2026-03-01,Waverley,E07000216,Local authority,True,820.0,725.0,1545.0,2.1,1.8,2.0,50.0,5.0,55.0,0.1
2026-03-01,Woking,E07000217,Local authority,True,985.0,825.0,1815.0,3.0,2.5,2.7,55.0,0.0,55.0,0.2
2026-03-01,West Sussex,E10000032,County or combined area,False,9655.0,7695.0,17350.0,3.6,2.8,3.2,750.0,225.0,970.0,0.3
2026-03-01,Adur,E07000223,Local authority,True,665.0,545.0,1210.0,3.6,2.9,3.2,25.0,70.0,95.0,0.1
2026-03-01,Arun,E07000224,Local authority,True,2035.0,1670.0,3710.0,4.4,3.4,3.9,175.0,65.0,240.0,0.4
2026-03-01,Chichester,E07000225,Local authority,True,1290.0,1210.0,2500.0,3.6,3.2,3.4,60.0,-50.0,10.0,0.2
2026-03-01,Crawley,E07000226,Local authority,True,2235.0,1560.0,3795.0,5.5,3.9,4.7,155.0,5.0,160.0,0.4
2026-03-01,Horsham,E07000227,Local authority,True,975.0,845.0,1820.0,2.2,1.9,2.1,75.0,-30.0,45.0,0.2
2026-03-01,Mid Sussex,E07000228,Local authority,True,1090.0,895.0,1985.0,2.3,1.8,2.1,130.0,60.0,195.0,0.3
2026-03-01,Worthing,E07000229,Local authority,True,1360.0,970.0,2330.0,4.0,2.7,3.4,130.0,100.0,230.0,0.4
2026-03-01,South West,E12000009,Region,False,56965.0,45275.0,102240.0,3.2,2.5,2.9,1590.0,210.0,1800.0,0.1
2026-03-01,Bath and North East Somerset,E06000022,Local authority,True,1365.0,1180.0,2550.0,2.2,1.8,2.0,25.0,-15.0,15.0,0.0
2026-03-01,"Bournemouth, Christchurch and Poole",E06000058,Local authority,True,5295.0,3780.0,9070.0,4.2,2.9,3.6,180.0,-100.0,85.0,0.1
2026-03-01,"Bristol, City of",E06000023,Local authority,True,7410.0,5480.0,12890.0,4.2,3.1,3.7,150.0,220.0,370.0,0.1
2026-03-01,Cornwall,E06000052,Local authority,True,6250.0,5150.0,11400.0,3.8,3.0,3.4,270.0,30.0,300.0,0.2
2026-03-01,Dorset,E06000059,Local authority,True,2875.0,2360.0,5235.0,2.7,2.2,2.5,5.0,-230.0,-220.0,0.0
2026-03-01,Isles of Scilly,E06000053,Local authority,True,10.0,10.0,20.0,1.4,1.3,1.4,0.0,-5.0,0.0,0.1
2026-03-01,North Somerset,E06000024,Local authority,True,1765.0,1520.0,3285.0,2.7,2.3,2.5,5.0,55.0,60.0,0.0
2026-03-01,Plymouth,E06000026,Local authority,True,3705.0,2570.0,6270.0,4.3,2.9,3.6,165.0,45.0,210.0,0.2
2026-03-01,Somerset,E06000066,Local authority,True,4905.0,4170.0,9075.0,2.9,2.4,2.7,275.0,125.0,395.0,0.2
2026-03-01,South Gloucestershire,E06000025,Local authority,True,2185.0,1885.0,4065.0,2.3,1.9,2.1,15.0,55.0,70.0,0.0
2026-03-01,Swindon,E06000030,Local authority,True,2880.0,2370.0,5250.0,3.7,3.0,3.4,-45.0,90.0,45.0,-0.1
2026-03-01,Torbay,E06000027,Local authority,True,1775.0,1175.0,2945.0,4.5,2.9,3.7,100.0,15.0,115.0,0.3
2026-03-01,Wiltshire,E06000054,Local authority,True,3855.0,3285.0,7140.0,2.5,2.1,2.3,35.0,-90.0,-55.0,0.0
2026-03-01,Devon,E10000008,County or combined area,False,6585.0,5435.0,12020.0,2.7,2.2,2.5,165.0,5.0,170.0,0.1
2026-03-01,East Devon,E07000040,Local authority,True,990.0,920.0,1905.0,2.4,2.1,2.2,5.0,45.0,50.0,0.0
2026-03-01,Exeter,E07000041,Local authority,True,1320.0,865.0,2185.0,2.8,1.8,2.3,85.0,40.0,125.0,0.2
2026-03-01,Mid Devon,E07000042,Local authority,True,680.0,540.0,1220.0,2.8,2.2,2.5,65.0,10.0,75.0,0.3
2026-03-01,North Devon,E07000043,Local authority,True,1030.0,850.0,1880.0,3.6,2.9,3.2,50.0,-15.0,35.0,0.2
2026-03-01,South Hams,E07000044,Local authority,True,585.0,570.0,1155.0,2.4,2.1,2.3,25.0,-5.0,25.0,0.1
2026-03-01,Teignbridge,E07000045,Local authority,True,955.0,840.0,1795.0,2.5,2.1,2.3,-20.0,-50.0,-70.0,0.0
2026-03-01,Torridge,E07000046,Local authority,True,660.0,485.0,1145.0,3.5,2.5,3.0,-20.0,-25.0,-45.0,-0.1
2026-03-01,West Devon,E07000047,Local authority,True,370.0,360.0,730.0,2.3,2.1,2.2,-25.0,5.0,-20.0,-0.1
2026-03-01,Gloucestershire,E10000013,County or combined area,False,6110.0,4910.0,11020.0,3.1,2.4,2.7,240.0,5.0,245.0,0.1
2026-03-01,Cheltenham,E07000078,Local authority,True,1290.0,895.0,2185.0,3.4,2.3,2.9,55.0,-100.0,-45.0,0.1
2026-03-01,Cotswold,E07000079,Local authority,True,540.0,550.0,1090.0,2.2,2.0,2.1,20.0,15.0,35.0,0.1
2026-03-01,Forest of Dean,E07000080,Local authority,True,720.0,670.0,1395.0,2.8,2.5,2.7,-25.0,0.0,-20.0,-0.1
2026-03-01,Gloucester,E07000081,Local authority,True,1930.0,1320.0,3245.0,4.3,3.0,3.7,55.0,-5.0,50.0,0.1
2026-03-01,Stroud,E07000082,Local authority,True,835.0,800.0,1635.0,2.3,2.1,2.2,55.0,40.0,100.0,0.2
2026-03-01,Tewkesbury,E07000083,Local authority,True,795.0,675.0,1475.0,2.7,2.2,2.4,80.0,50.0,130.0,0.3
2026-03-01,Wales,W92000004,Country,False,38190.0,28215.0,66405.0,4.0,2.9,3.4,540.0,-80.0,460.0,0.1
2026-03-01,Isle of Anglesey,W06000001,Local authority,True,860.0,575.0,1440.0,4.5,2.9,3.7,-10.0,-5.0,-15.0,0.0
2026-03-01,Gwynedd,W06000002,Local authority,True,1245.0,1000.0,2245.0,3.4,2.7,3.1,-5.0,20.0,15.0,0.0
2026-03-01,Conwy,W06000003,Local authority,True,1440.0,1045.0,2485.0,4.6,3.2,3.9,-55.0,-20.0,-80.0,-0.2
2026-03-01,Denbighshire,W06000004,Local authority,True,1205.0,855.0,2055.0,4.4,2.9,3.6,-80.0,-30.0,-110.0,-0.3
2026-03-01,Flintshire,W06000005,Local authority,True,1535.0,1275.0,2810.0,3.3,2.6,3.0,15.0,40.0,60.0,0.0
2026-03-01,Wrexham,W06000006,Local authority,True,1485.0,1060.0,2545.0,3.5,2.5,3.0,-35.0,45.0,10.0,-0.1
2026-03-01,Powys,W06000023,Local authority,True,1115.0,950.0,2065.0,3.0,2.5,2.7,5.0,-40.0,-35.0,0.0
2026-03-01,Ceredigion,W06000008,Local authority,True,705.0,510.0,1210.0,3.3,2.3,2.8,10.0,-15.0,0.0,0.1
2026-03-01,Pembrokeshire,W06000009,Local authority,True,1455.0,1140.0,2595.0,4.2,3.1,3.6,140.0,20.0,160.0,0.4
2026-03-01,Carmarthenshire,W06000010,Local authority,True,1870.0,1400.0,3270.0,3.4,2.5,2.9,40.0,-30.0,10.0,0.1
2026-03-01,Swansea,W06000011,Local authority,True,3190.0,2120.0,5310.0,4.0,2.7,3.4,160.0,-90.0,70.0,0.2
2026-03-01,Neath Port Talbot,W06000012,Local authority,True,1635.0,1165.0,2800.0,3.8,2.6,3.2,-100.0,-20.0,-120.0,-0.2
2026-03-01,Bridgend,W06000013,Local authority,True,1560.0,1185.0,2745.0,3.5,2.6,3.0,95.0,-15.0,80.0,0.2
2026-03-01,The Vale of Glamorgan,W06000014,Local authority,True,1505.0,1205.0,2710.0,3.9,2.9,3.4,80.0,105.0,185.0,0.2
2026-03-01,Cardiff,W06000015,Local authority,True,6055.0,4115.0,10175.0,4.7,3.1,3.9,65.0,-150.0,-90.0,0.0
2026-03-01,Rhondda Cynon Taf,W06000016,Local authority,True,2805.0,2065.0,4870.0,3.8,2.7,3.2,130.0,15.0,145.0,0.2
2026-03-01,Merthyr Tydfil,W06000024,Local authority,True,700.0,530.0,1235.0,4.0,2.8,3.4,10.0,25.0,40.0,0.1
2026-03-01,Caerphilly,W06000018,Local authority,True,2145.0,1645.0,3790.0,4.0,3.0,3.5,30.0,45.0,80.0,0.1
2026-03-01,Blaenau Gwent,W06000019,Local authority,True,935.0,730.0,1665.0,4.6,3.4,4.0,-35.0,-15.0,-50.0,-0.2
2026-03-01,Torfaen,W06000020,Local authority,True,1255.0,930.0,2190.0,4.5,3.2,3.8,25.0,35.0,60.0,0.1
2026-03-01,Monmouthshire,W06000021,Local authority,True,725.0,595.0,1320.0,2.7,2.1,2.4,-10.0,-15.0,-25.0,0.0
2026-03-01,Newport,W06000022,Local authority,True,2750.0,2125.0,4875.0,5.2,4.0,4.6,60.0,15.0,75.0,0.1
2026-03-01,Scotland,S92000003,Country,False,66250.0,44250.0,110500.0,3.9,2.5,3.1,2070.0,-115.0,1950.0,0.1
2026-03-01,Aberdeen City,S12000033,Local authority,True,3470.0,2210.0,5680.0,4.6,2.8,3.7,400.0,100.0,500.0,0.5
2026-03-01,Aberdeenshire,S12000034,Local authority,True,1820.0,1525.0,3345.0,2.3,1.9,2.1,180.0,100.0,280.0,0.2
2026-03-01,Angus,S12000041,Local authority,True,1265.0,840.0,2105.0,3.9,2.4,3.1,70.0,-70.0,-5.0,0.2
2026-03-01,Argyll & Bute,S12000035,Local authority,True,790.0,600.0,1390.0,3.0,2.4,2.7,-45.0,0.0,-50.0,-0.2
2026-03-01,City of Edinburgh,S12000036,Local authority,True,6165.0,4110.0,10270.0,3.5,2.1,2.8,625.0,230.0,855.0,0.4
2026-03-01,Clackmannanshire,S12000005,Local authority,True,570.0,410.0,980.0,3.6,2.5,3.0,-25.0,-10.0,-30.0,-0.1
2026-03-01,Dumfries & Galloway,S12000006,Local authority,True,1410.0,1010.0,2420.0,3.5,2.3,2.9,85.0,70.0,155.0,0.2
2026-03-01,Dundee City,S12000042,Local authority,True,2430.0,1515.0,3950.0,5.1,3.0,4.0,40.0,55.0,95.0,0.1
2026-03-01,East Ayrshire,S12000008,Local authority,True,1670.0,1020.0,2690.0,4.6,2.7,3.6,35.0,-95.0,-60.0,0.1
2026-03-01,East Dunbartonshire,S12000045,Local authority,True,705.0,490.0,1200.0,2.3,1.5,1.9,-10.0,5.0,-5.0,0.0
2026-03-01,East Lothian,S12000010,Local authority,True,935.0,760.0,1695.0,2.8,2.1,2.4,65.0,5.0,70.0,0.2
2026-03-01,East Renfrewshire,S12000011,Local authority,True,570.0,405.0,980.0,2.0,1.4,1.7,35.0,-45.0,-5.0,0.1
2026-03-01,Falkirk,S12000014,Local authority,True,1830.0,1190.0,3020.0,3.7,2.3,3.0,70.0,75.0,145.0,0.1
2026-03-01,Fife,S12000047,Local authority,True,4420.0,3140.0,7560.0,4.0,2.6,3.3,-135.0,-20.0,-160.0,-0.1
2026-03-01,Glasgow City,S12000049,Local authority,True,14050.0,8105.0,22155.0,6.2,3.5,4.8,560.0,-405.0,160.0,0.2
2026-03-01,Highland,S12000017,Local authority,True,1965.0,1520.0,3490.0,2.8,2.1,2.5,5.0,10.0,15.0,0.0
2026-03-01,Inverclyde,S12000018,Local authority,True,1010.0,625.0,1635.0,4.3,2.5,3.4,30.0,-25.0,5.0,0.1
2026-03-01,Midlothian,S12000019,Local authority,True,875.0,655.0,1530.0,2.9,2.1,2.5,80.0,70.0,150.0,0.3
2026-03-01,Moray,S12000020,Local authority,True,845.0,745.0,1590.0,2.9,2.6,2.8,110.0,85.0,195.0,0.4
2026-03-01,Na h-Eileanan Siar,S12000013,Local authority,True,210.0,145.0,355.0,2.8,1.9,2.4,15.0,10.0,25.0,0.2
2026-03-01,North Ayrshire,S12000021,Local authority,True,1960.0,1350.0,3310.0,5.1,3.2,4.1,-45.0,-25.0,-70.0,-0.1
2026-03-01,North Lanarkshire,S12000050,Local authority,True,3985.0,2750.0,6735.0,3.7,2.4,3.0,-155.0,-130.0,-280.0,-0.1
2026-03-01,Orkney Islands,S12000023,Local authority,True,135.0,105.0,240.0,2.1,1.6,1.9,10.0,0.0,10.0,0.2
2026-03-01,Perth & Kinross,S12000048,Local authority,True,1300.0,915.0,2220.0,2.9,2.0,2.4,65.0,0.0,70.0,0.1
2026-03-01,Renfrewshire,S12000038,Local authority,True,2075.0,1370.0,3445.0,3.5,2.2,2.9,80.0,60.0,140.0,0.1
2026-03-01,Scottish Borders,S12000026,Local authority,True,1095.0,885.0,1985.0,3.4,2.6,3.0,-35.0,-30.0,-65.0,-0.1
2026-03-01,Shetland Islands,S12000027,Local authority,True,120.0,95.0,215.0,1.7,1.4,1.5,20.0,20.0,40.0,0.3
2026-03-01,South Ayrshire,S12000028,Local authority,True,1240.0,865.0,2105.0,4.0,2.6,3.2,-65.0,-35.0,-100.0,-0.2
2026-03-01,South Lanarkshire,S12000029,Local authority,True,3265.0,2170.0,5440.0,3.2,2.0,2.6,-70.0,-135.0,-200.0,-0.1
2026-03-01,Stirling,S12000030,Local authority,True,800.0,640.0,1440.0,2.8,2.1,2.4,35.0,45.0,80.0,0.1
2026-03-01,West Dunbartonshire,S12000039,Local authority,True,1340.0,825.0,2165.0,5.0,2.9,3.9,-40.0,20.0,-20.0,-0.2
2026-03-01,West Lothian,S12000040,Local authority,True,1920.0,1250.0,3170.0,3.3,2.1,2.7,70.0,-50.0,15.0,0.1
2026-03-01,Northern Ireland,N92000002,Country,False,19180.0,16020.0,35195.0,3.2,2.7,2.9,-1755.0,-1555.0,-3310.0,-0.3
2026-03-01,Antrim and Newtownabbey,N09000001,Local authority,True,1170.0,925.0,2095.0,2.6,2.0,2.3,-10.0,-100.0,-110.0,0.0
2026-03-01,Ards and North Down,N09000011,Local authority,True,1415.0,1115.0,2530.0,3.0,2.2,2.6,-60.0,-130.0,-190.0,-0.1
2026-03-01,"Armagh City, Banbridge and Craigavon",N09000002,Local authority,True,1985.0,1785.0,3770.0,2.9,2.6,2.8,-205.0,-125.0,-325.0,-0.3
2026-03-01,Belfast,N09000003,Local authority,True,5215.0,3925.0,9140.0,4.6,3.3,3.9,-210.0,-245.0,-450.0,-0.2
2026-03-01,Causeway Coast and Glens,N09000004,Local authority,True,1385.0,1225.0,2610.0,3.3,2.8,3.0,-130.0,-105.0,-235.0,-0.3
2026-03-01,Derry City and Strabane,N09000005,Local authority,True,2295.0,1815.0,4110.0,5.0,3.7,4.3,-345.0,-310.0,-655.0,-0.7
2026-03-01,Fermanagh and Omagh,N09000006,Local authority,True,885.0,735.0,1620.0,2.5,2.1,2.3,-250.0,-180.0,-430.0,-0.7
2026-03-01,Lisburn and Castlereagh,N09000007,Local authority,True,960.0,860.0,1820.0,2.1,1.8,2.0,-25.0,-15.0,-45.0,-0.1
2026-03-01,Mid and East Antrim,N09000008,Local authority,True,1320.0,1135.0,2455.0,3.1,2.6,2.9,-120.0,-110.0,-230.0,-0.3
2026-03-01,Mid Ulster,N09000009,Local authority,True,1010.0,995.0,2010.0,2.1,2.2,2.1,-205.0,-130.0,-340.0,-0.4
2026-03-01,"Newry, Mourne and Down",N09000010,Local authority,True,1540.0,1505.0,3040.0,2.8,2.7,2.8,-195.0,-105.0,-300.0,-0.4
